0.0,0.0;
100.0,9.223372036854776E37;
200.0,1.888946593147858E41;
300.0,1.633892686212713E43;
400.0,3.868562622766813E44;
500.0,4.503599627370496E45;
600.0,3.346212221363636E46;
700.0,1.8237620189111329E47;
800.0,7.922816251426434E47;
900.0,2.8943918768452347E48;
1000.0,9.223372036854776E48;
1100.0,2.631535684501818E49;
1200.0,6.853042629352727E49;
1300.0,1.6529762063919502E50;
1400.0,3.73506461473E50;
1500.0,7.977991631898012E50;
1600.0,1.6225927682921336E51;
1700.0,3.161024500538087E51;
1800.0,5.9277145637790406E51;
1900.0,1.0744329964878064E52;
2000.0,1.888946593147858E52;
2100.0,3.230739703640505E52;
2200.0,5.389385081859723E52;
2300.0,8.788118877585683E52;
2400.0,1.4035031304914385E53;
2500.0,2.1990232555520004E53;
2600.0,3.385295270690714E53;
2700.0,5.1273283780750285E53;
2800.0,7.64941233096704E53;
2900.0,1.1252984060838475E54;
3000.0,1.633892686212713E54;
3100.0,2.3435183530537096E54;
3200.0,3.32306998946229E54;
3300.0,4.661686519024436E54;
3400.0,6.473778177102002E54;
3500.0,8.905087982964517E54;
3600.0,1.2139959426619475E55;
3700.0,1.6410004175843794E55;
3800.0,2.2004387768070274E55;
3900.0,2.9281977603371477E55;
4000.0,3.8685626227668134E55;
4100.0,5.075889402201012E55;
4200.0,6.616554913055754E55;
4300.0,8.571221890663083E55;
4400.0,1.1037460647648713E56;
4500.0,1.4132772836158373E56;
4600.0,1.799806746129548E56;
4700.0,2.2801644175058727E56;
4800.0,2.874374411246466E56;
4900.0,3.6061734128606552E56;
5000.0,4.503599627370497E56;
5100.0,5.599660071968204E56;
5200.0,6.933084714374582E56;
5300.0,8.54917667995737E56;
5400.0,1.0500768518297658E57;
5500.0,1.2849295334481534E57;
5600.0,1.5665996453820498E57;
5700.0,1.9033258202882544E57;
5800.0,2.3046111356597197E57;
5900.0,2.781389782277071E57;
6000.0,3.346212221363636E57;
6100.0,4.013450509113199E57;
6200.0,4.7995255870539974E57;
6300.0,5.723158462808045E57;
6400.0,6.805647338418769E57;
6500.0,8.071172882773194E57;
6600.0,9.547133990962045E57;
6700.0,1.1264516526930393E58;
6800.0,1.32582977067049E58;
6900.0,1.5567888948076709E58;
7000.0,1.823762018911133E58;
7100.0,2.131726886249083E58;
7200.0,2.4862636905716685E58;
7300.0,2.89361793888634E58;
7400.0,3.360768855212809E58;
7500.0,3.8955037265127015E58;
7600.0,4.506498614900792E58;
7700.0,5.203405884124255E58;
7800.0,5.996949013170479E58;
7900.0,6.899025195759985E58;
8000.0,7.922816251426434E58;
8100.0,9.08290840190857E58;
8200.0,1.0395421495707672E59;
8300.0,1.18781482939272E59;
8400.0,1.3550704461938185E59;
8500.0,1.5434689944033625E59;
8600.0,1.7553862432077993E59;
8700.0,1.9934323674253534E59;
8800.0,2.2604719406384565E59;
8900.0,2.5596453726014778E59;
9000.0,2.8943918768452347E59;
9100.0,3.268474058441491E59;
9200.0,3.686004216073314E59;
9300.0,4.151472456884055E59;
9400.0,4.669776727052027E59;
9500.0,5.246254865663118E59;
9600.0,5.886718794232762E59;
9700.0,6.597490959165588E59;
9800.0,7.385443149538622E59;
9900.0,8.258037817856217E59;
10000.0,9.223372036854778E59;
10100.0,1.029022423103688E60;
10200.0,1.1468103827390882E60;
10300.0,1.27673039757071E60;
10400.0,1.4198957495039145E60;
10500.0,1.5775096209182154E60;
10600.0,1.7508713840552694E60;
10700.0,1.9413832638561478E60;
10800.0,2.1505573925473605E60;
10900.0,2.380023274985559E60;
11000.0,2.631535684501818E60;
11100.0,2.9069830097382008E60;
11200.0,3.208396073742438E60;
11300.0,3.537957447381334E60;
11400.0,3.898011279950345E60;
11500.0,4.291073670696134E60;
11600.0,4.719843605831106E60;
11700.0,5.1872144865044476E60;
11800.0,5.696286274103441E60;
11900.0,6.2503782801921764E60;
12000.0,6.853042629352726E60;
12100.0,7.508078424176751E60;
12200.0,8.219546642663832E60;
12300.0,8.991785799317024E60;
12400.0,9.829428402286587E60;
12500.0,1.073741824E61;
12600.0,1.1721028531830876E61;
12700.0,1.2785880978501209E61;
12800.0,1.393796574908164E61;
12900.0,1.5183662442652933E61;
13000.0,1.65297620639195E61;
13100.0,1.798349005332292E61;
13200.0,1.9552530413490267E61;
13300.0,2.1245050975169647E61;
13400.0,2.3069729847153445E61;
13500.0,2.503578309606947E61;
13600.0,2.7152993703331635E61;
13700.0,2.9431741847985547E61;
13800.0,3.18830365656611E61;
13900.0,3.4518548835353707E61;
14000.0,3.7350646147300006E61;
14100.0,4.039242860679129E61;
14200.0,4.365776663038122E61;
14300.0,4.716134029259205E61;
14400.0,5.091868038290777E61;
14500.0,5.494621123456288E61;
14600.0,5.926129538839224E61;
14700.0,6.388228015680264E61;
14800.0,6.882854615475833E61;
14900.0,7.412055786654422E61;
15000.0,7.977991631898013E61;
15100.0,8.582941393370856E61;
15200.0,9.229309163316822E61;
15300.0,9.919629827689514E61;
15400.0,1.0656575250686475E62;
15500.0,1.1442960708270066E62;
15600.0,1.228175157897314E62;
15700.0,1.3176070300507405E62;
15800.0,1.412920360091645E62;
15900.0,1.5144610013244083E62;
16000.0,1.6225927682921337E62;
16100.0,1.7376982477313315E62;
16200.0,1.8601796407108752E62;
16300.0,1.9904596369482122E62;
16400.0,2.128982322320931E62;
16500.0,2.2762141206174002E62;
16600.0,2.4326447705962906E62;
16700.0,2.598788339451358E62;
16800.0,2.7751842738049403E62;
16900.0,2.962398489381183E62;
17000.0,3.1610245005380864E62;
17100.0,3.371684590866034E62;
17200.0,3.595031026089573E62;
17300.0,3.8317473105388353E62;
17400.0,4.0825494884871237E62;
17500.0,4.348187491681893E62;
17600.0,4.629446534427559E62;
17700.0,4.927148557610362E62;
17800.0,5.2421537230878265E62;
17900.0,5.575361959898235E62;
18000.0,5.927714563779041E62;
18100.0,6.300195851517083E62;
18200.0,6.693834871688174E62;
18300.0,7.109707173378759E62;
18400.0,7.548936634518147E62;
18500.0,8.012697351486227E62;
18600.0,8.502215591698544E62;
18700.0,9.018771810908233E62;
18800.0,9.563702737002552E62;
18900.0,1.0138403522110568E63;
19000.0,1.0744329964878065E63;
19100.0,1.1383000804805892E63;
19200.0,1.2056000090588697E63;
19300.0,1.2764979624432427E63;
19400.0,1.3511661484371124E63;
19500.0,1.429784062664623E63;
19600.0,1.5125387570255098E63;
19700.0,1.599625116581946E63;
19800.0,1.6912461450969532E63;
19900.0,1.7876132594484762E63;
20000.0,1.8889465931478585E63;
20100.0,1.9954753091961383E63;
20200.0,2.107437922516353E63;
20300.0,2.2250826322048655E63;
20400.0,2.3486676638496526E63;
20500.0,2.478461622168462E63;
20600.0,2.614743854224814E63;
20700.0,2.7578048234849446E63;
20800.0,2.907946494984017E63;
20900.0,3.0654827318751876E63;
21000.0,3.230739703640505E63;
21100.0,3.404056306248042E63;
21200.0,3.585784594545192E63;
21300.0,3.776290227183664E63;
21400.0,3.9759529243773906E63;
21500.0,4.185166938800333E63;
21600.0,4.404341539936994E63;
21700.0,4.633901512204416E63;
21800.0,4.8742876671704246E63;
21900.0,5.125957370198984E63;
22000.0,5.3893850818597234E63;
22100.0,5.6650629144449486E63;
22200.0,5.953501203943835E63;
22300.0,6.255229097829913E63;
22400.0,6.570795159024513E63;
22500.0,6.900767986405455E63;
22600.0,7.245736852236972E63;
22700.0,7.606312356903684E63;
22800.0,7.983127101338306E63;
22900.0,8.376836377539794E63;
23000.0,8.788118877585682E63;
23100.0,9.217677421549594E63;
23200.0,9.666239704742105E63;
23300.0,1.0134559064700593E64;
23400.0,1.0623415268361109E64;
23500.0,1.1133615319852896E64;
23600.0,1.1665994289363847E64;
23700.0,1.2221416163532943E64;
23800.0,1.2800774717833577E64;
23900.0,1.3404994411419654E64;
24000.0,1.4035031304914384E64;
24100.0,1.4691874001629885E64;
24200.0,1.5376544612713987E64;
24300.0,1.6090099746728975E64;
24400.0,1.6833631524175528E64;
24500.0,1.7608268617483668E64;
24600.0,1.8415177317001266E64;
24700.0,1.9255562623519417E64;
24800.0,2.013066936788293E64;
24900.0,2.1041783358243217E64;
25000.0,2.199023255552E64;
25100.0,2.2977388277647416E64;
25200.0,2.4004666433189634E64;
25300.0,2.5073528784920373E64;
25400.0,2.6185484243970477E64;
25500.0,2.734209019515725E64;
25600.0,2.85449538541192E64;
25700.0,2.979573365688971E64;
25800.0,3.1096140682553207E64;
25900.0,3.244794010963761E64;
26000.0,3.385295270690714E64;
26100.0,3.531305635922991E64;
26200.0,3.683018762920534E64;
26300.0,3.8406343355247125E64;
26400.0,4.004358228682807E64;
26500.0,4.1744026757604345E64;
26600.0,4.350986439714744E64;
26700.0,4.5343349882023394E64;
26800.0,4.7246806726970256E64;
26900.0,4.922262911693593E64;
27000.0,5.1273283780750277E64;
27100.0,5.340131190721712E64;
27200.0,5.560933110442319E64;
27300.0,5.790003740307348E64;
27400.0,6.02762073046744E64;
27500.0,6.274069987539812E64;
27600.0,6.529645888647393E64;
27700.0,6.794651500196552E64;
27800.0,7.069398801480439E64;
27900.0,7.354208913196396E64;
28000.0,7.649412330967041E64;
28100.0,7.955349163956044E64;
28200.0,8.272369378670857E64;
28300.0,8.600833048046027E64;
28400.0,8.941110605902074E64;
28500.0,9.293583106876242E64;
28600.0,9.658642491922852E64;
28700.0,1.0036691859482342E65;
28800.0,1.0428145742419512E65;
28900.0,1.0833430390832869E65;
29000.0,1.1252984060838477E65;
29100.0,1.1687257309433063E65;
29200.0,1.213671329554273E65;
29300.0,1.2601828087364955E65;
29400.0,1.3083090976113182E65;
29500.0,1.358100479627476E65;
29600.0,1.4096086252494506E65;
29700.0,1.4628866253197752E65;
29800.0,1.5179890251068256E65;
29900.0,1.5749718590497955E65;
30000.0,1.633892686212713E65;
30100.0,1.6948106264595136E65;
30200.0,1.7577863973623513E65;
30300.0,1.8228823518554903E65;
30400.0,1.8901625166472852E65;
30500.0,1.9596926314029291E65;
30600.0,2.0315401887108126E65;
30700.0,2.1057744748455116E65;
30800.0,2.18246661134059E65;
30900.0,2.261689597384586E65;
31000.0,2.3435183530537094E65;
31100.0,2.4280297633949824E65;
31200.0,2.515302723373699E65;
31300.0,2.605418183699303E65;
31400.0,2.6984591975439165E65;
31500.0,2.794510968167991E65;
31600.0,2.893660897467689E65;
31700.0,2.9959986354588287E65;
31800.0,3.101616130712388E65;
31900.0,3.2106076817567804E65;
32000.0,3.3230699894622897E65;
32100.0,3.4391022104232506E65;
32200.0,3.558806011353767E65;
32300.0,3.682285624512951E65;
32400.0,3.8096479041758724E65;
32500.0,3.941002384166599E65;
32600.0,4.0764613364699387E65;
32700.0,4.216139830938668E65;
32800.0,4.360155796113267E65;
32900.0,4.508630081171381E65;
33000.0,4.661686519024436E65;
33100.0,4.819451990579065E65;
33200.0,4.982056490181203E65;
33300.0,5.14963319226093E65;
33400.0,5.322318519196381E65;
33500.0,5.500252210415232E65;
33600.0,5.683577392752518E65;
33700.0,5.87244065208377E65;
33800.0,6.066992106252663E65;
33900.0,6.267385479312612E65;
34000.0,6.473778177102001E65;
34100.0,6.686331364172931E65;
34200.0,6.905210042093638E65;
34300.0,7.130583129144953E65;
34400.0,7.362623541431446E65;
34500.0,7.601508275428081E65;
34600.0,7.847418491983535E65;
34700.0,8.100539601801505E65;
34800.0,8.361061352421629E65;
34900.0,8.629177916721877E65;
35000.0,8.905087982964516E65;
35100.0,9.188994846408034E65;
35200.0,9.48110650250764E65;
35300.0,9.78163574172724E65;
35400.0,1.0090800245986021E66;
35500.0,1.0408822686763102E66;
35600.0,1.0735930824883869E66;
35700.0,1.1072357612012034E66;
35800.0,1.1418341293871586E66;
35900.0,1.1774125515223135E66;
36000.0,1.2139959426619475E66;
36100.0,1.251609779296538E66;
36200.0,1.2902801103906985E66;
36300.0,1.330033568607639E66;
36400.0,1.370897381721738E66;
36500.0,1.4128993842218454E66;
36600.0,1.4560680291079698E66;
36700.0,1.5004323998840194E66;
36800.0,1.5460222227493166E66;
36900.0,1.592867878991613E66;
37000.0,1.6410004175843793E66;
37100.0,1.690451567991166E66;
37200.0,1.741253753179862E66;
37300.0,1.793440102849716E66;
37400.0,1.847044466874006E66;
37500.0,1.9021014289612798E66;
37600.0,1.9586463205381226E66;
37700.0,2.0167152348564362E66;
37800.0,2.0763450413282444E66;
37900.0,2.137573400091079E66;
38000.0,2.2004387768070277E66;
38100.0,2.2649804576985535E66;
38200.0,2.3312385648242467E66;
38300.0,2.3992540715976758E66;
38400.0,2.4690688185525652E66;
38500.0,2.5407255293575465E66;
38600.0,2.614267827083761E66;
38700.0,2.689740250728639E66;
38800.0,2.767188271999206E66;
38900.0,2.8466583123583035E66;
39000.0,2.928197760337148E66;
39100.0,3.0118549891176863E66;
39200.0,3.097679374388244E66;
39300.0,3.1857213124759955E66;
39400.0,3.2760322387598252E66;
39500.0,3.3686646463671805E66;
39600.0,3.46367210515856E66;
39700.0,3.561109281003315E66;
39800.0,3.661031955350479E66;
39900.0,3.7634970450983775E66;
40000.0,3.868562622766814E66;
40100.0,3.9762879369756545E66;
40200.0,4.086733433233691E66;
40300.0,4.199960775041677E66;
40400.0,4.316032865313491E66;
40500.0,4.435013868119418E66;
40600.0,4.5569692307555644E66;
40700.0,4.681965706143479E66;
40800.0,4.8100713755640886E66;
40900.0,4.9413556717300935E66;
41000.0,5.0758894022010105E66;
41100.0,5.2137447731450964E66;
41200.0,5.354995413452419E66;
41300.0,5.4997163992033994E66;
41400.0,5.6479842784971665E66;
41500.0,5.799877096644141E66;
41600.0,5.9554744217272665E66;
41700.0,6.114857370536404E66;
41800.0,6.278108634880384E66;
41900.0,6.4453125082813145E66;
42000.0,6.616554913055754E66;
42100.0,6.791923427787393E66;
42200.0,6.97150731519599E66;
42300.0,7.155397550407257E66;
42400.0,7.343686849628553E66;
42500.0,7.536469699235168E66;
42600.0,7.733842385272144E66;
42700.0,7.935903023376493E66;
42800.0,8.142751589124896E66;
42900.0,8.354489948811803E66;
43000.0,8.571221890663081E66;
43100.0,8.793053156490326E66;
43200.0,9.020091473790964E66;
43300.0,9.252446588299429E66;
43400.0,9.490230296994643E66;
43500.0,9.733556481569108E66;
43600.0,9.98254114236503E66;
43700.0,1.023730243278282E67;
43800.0,1.049796069416752E67;
43900.0,1.0764638491178595E67;
44000.0,1.1037460647648714E67;
44100.0,1.1316554282937119E67;
44200.0,1.1602048848783255E67;
44300.0,1.1894076166666386E67;
44400.0,1.2192770465676974E67;
44500.0,1.2498268420905651E67;
44600.0,1.2810709192355662E67;
44700.0,1.3130234464384709E67;
44800.0,1.3456988485682203E67;
44900.0,1.3791118109787952E67;
45000.0,1.4132772836158372E67;
45100.0,1.4482104851786405E67;
45200.0,1.4839269073381318E67;
45300.0,1.520442319011467E67;
45400.0,1.5577727706938744E67;
45500.0,1.5959345988483843E67;
45600.0,1.6349444303540852E67;
45700.0,1.6748191870135598E67;
45800.0,1.7155760901201498E67;
45900.0,1.7572326650857145E67;
46000.0,1.7998067461295477E67;
46100.0,1.843316481029125E67;
46200.0,1.887780335933357E67;
46300.0,1.93321710023904E67;
46400.0,1.979645891531183E67;
46500.0,2.0270861605879175E67;
46600.0,2.0755576964506815E67;
46700.0,2.1250806315603995E67;
46800.0,2.175675446960355E67;
46900.0,2.2273629775664946E67;
47000.0,2.280164417505873E67;
47100.0,2.334101325523985E67;
47200.0,2.389195630461716E67;
47300.0,2.4454696368026583E67;
47400.0,2.5029460302915466E67;
47500.0,2.561647883624569E67;
47600.0,2.6215986622123166E67;
47700.0,2.6828222300161493E67;
47800.0,2.745342855458745E67;
47900.0,2.8091852174096306E67;
48000.0,2.874374411246466E67;
48100.0,2.9409359549929027E67;
48200.0,3.0088957955338005E67;
48300.0,3.0782803149086215E67;
48400.0,3.1491163366838244E67;
48500.0,3.221431132405072E67;
48600.0,3.295252428130094E67;
48700.0,3.370608411043036E67;
48800.0,3.447527736151148E67;
48900.0,3.5260395330646493E67;
49000.0,3.606173412860655E67;
49100.0,3.6879594750320003E67;
49200.0,3.771428314521859E67;
49300.0,3.8566110288450316E67;
49400.0,3.9435392252967766E67;
49500.0,4.032245028250106E67;
49600.0,4.122761086542424E67;
49700.0,4.215120580952431E67;
49800.0,4.309357231768211E67;
49900.0,4.4055053064474164E67;
50000.0,4.503599627370496E67;
50100.0,4.603675579687897E67;
50200.0,4.705769119262191E67;
50300.0,4.809916780706079E67;
50400.0,4.916155685517237E67;
50500.0,5.024523550310977E67;
50600.0,5.1350586951516924E67;
50700.0,5.247800051984084E67;
50800.0,5.3627871731651536E67;
50900.0,5.480060240097968E67;
51000.0,5.599660071968204E67;
51100.0,5.721628134584499E67;
51200.0,5.846006549323612E67;
51300.0,5.972838102181453E67;
51400.0,6.102166252931013E67;
51500.0,6.234035144388232E67;
51600.0,6.368489611786897E67;
51700.0,6.505575192263584E67;
51800.0,6.645338134453783E67;
51900.0,6.787825408200231E67;
52000.0,6.933084714374582E67;
52100.0,7.081164494813501E67;
52200.0,7.232113942370286E67;
52300.0,7.385983011083145E67;
52400.0,7.542822426461254E67;
52500.0,7.702683695889722E67;
52600.0,7.865619119154611E67;
52700.0,8.03168179908916E67;
52800.0,8.200925652342388E67;
52900.0,8.373405420271227E67;
53000.0,8.54917667995737E67;
53100.0,8.728295855350029E67;
53200.0,8.910820228535795E67;
53300.0,9.096807951136796E67;
53400.0,9.286318055838391E67;
53500.0,9.479410468047598E67;
53600.0,9.676146017683508E67;
53700.0,9.876586451100927E67;
53800.0,1.0080794443148478E68;
53900.0,1.028883360936245E68;
54000.0,1.0500768518297657E68;
54100.0,1.0716664703996576E68;
54200.0,1.0936588678598067E68;
54300.0,1.1160607945086966E68;
54400.0,1.138879101018587E68;
54500.0,1.1621207397390423E68;
54600.0,1.1857927660149448E68;
54700.0,1.2099023395191226E68;
54800.0,1.2344567255997317E68;
54900.0,1.259463296642527E68;
55000.0,1.2849295334481535E68;
55100.0,1.3108630266246059E68;
55200.0,1.337271477994986E68;
55300.0,1.3641627020207032E68;
55400.0,1.391544627240254E68;
55500.0,1.4194252977237309E68;
55600.0,1.447812874543194E68;
55700.0,1.4767156372590562E68;
55800.0,1.5061419854226219E68;
55900.0,1.536100440094931E68;
56000.0,1.56659964538205E68;
56100.0,1.5976483699869608E68;
56200.0,1.6292555087781977E68;
56300.0,1.6614300843753795E68;
56400.0,1.6941812487517914E68;
56500.0,1.727518284854167E68;
56600.0,1.7614506082398264E68;
56700.0,1.7959877687313207E68;
56800.0,1.8311394520887447E68;
56900.0,1.8669154816998696E68;
57000.0,1.9033258202882544E68;
57100.0,1.9403805716395003E68;
57200.0,1.9780899823458E68;
57300.0,2.0164644435689495E68;
57400.0,2.0555144928219836E68;
57500.0,2.0952508157695968E68;
57600.0,2.135684248047516E68;
57700.0,2.1768257771009914E68;
57800.0,2.2186865440425715E68;
57900.0,2.261277845529331E68;
58000.0,2.30461113565972E68;
58100.0,2.348698027890208E68;
58200.0,2.3935502969718914E68;
58300.0,2.4391798809072395E68;
58400.0,2.485598882927151E68;
58500.0,2.5328195734885E68;
58600.0,2.5808543922923427E68;
58700.0,2.6297159503229705E68;
58800.0,2.6794170319079796E68;
58900.0,2.729970596799544E68;
59000.0,2.7813897822770707E68;
59100.0,2.8336879052714197E68;
59200.0,2.886878464510875E68;
59300.0,2.9409751426890467E68;
59400.0,2.9959918086548996E68;
59500.0,3.0519425196250863E68;
59600.0,3.108841523418779E68;
59700.0,3.166703260715192E68;
59800.0,3.225542367333981E68;
59900.0,3.28537367653872E68;
60000.0,3.346212221363636E68;
60100.0,3.40807323696382E68;
60200.0,3.470972162989084E68;
60300.0,3.5349246459816834E68;
60400.0,3.5999465417980955E68;
60500.0,3.666053918055054E68;
60600.0,3.733263056600044E68;
60700.0,3.801590456006461E68;
60800.0,3.87105283409364E68;
60900.0,3.9416671304719537E68;
61000.0,4.013450509113199E68;
61100.0,4.086420360946472E68;
61200.0,4.160594306479744E68;
61300.0,4.235990198447351E68;
61400.0,4.312626124483608E68;
61500.0,4.390520409822767E68;
61600.0,4.469691620025528E68;
61700.0,4.550158563732332E68;
61800.0,4.631940295443632E68;
61900.0,4.715056118327387E68;
62000.0,4.799525587053997E68;
62100.0,4.885368510658875E68;
62200.0,4.972604955432924E68;
62300.0,5.061255247841101E68;
62400.0,5.151339977469336E68;
62500.0,5.242879999999999E68;
62600.0,5.335896440216173E68;
62700.0,5.430410695034937E68;
62800.0,5.526444436569941E68;
62900.0,5.6240196152234305E68;
63000.0,5.723158462808045E68;
63100.0,5.823883495698556E68;
63200.0,5.926217518013827E68;
63300.0,6.030183624829218E68;
63400.0,6.135805205419681E68;
63500.0,6.243105946533793E68;
63600.0,6.352109835698971E68;
63700.0,6.462841164558105E68;
63800.0,6.575324532237886E68;
63900.0,6.689584848749044E68;
64000.0,6.805647338418769E68;
64100.0,6.923537543355571E68;
64200.0,7.043281326946817E68;
64300.0,7.164904877389217E68;
64400.0,7.2884347112525145E68;
64500.0,7.413897677076627E68;
64600.0,7.541320959002524E68;
64700.0,7.670732080437081E68;
64800.0,7.802158907752187E68;
64900.0,7.935629654018366E68;
65000.0,8.071172882773194E68;
65100.0,8.208817511824756E68;
65200.0,8.348592817090434E68;
65300.0,8.490528436471304E68;
65400.0,8.634654373762392E68;
65500.0,8.781001002599082E68;
65600.0,8.92959907043997E68;
65700.0,9.080479702586394E68;
65800.0,9.233674406238987E68;
65900.0,9.389215074591473E68;
66000.0,9.547133990962044E68;
66100.0,9.707463832962568E68;
66200.0,9.870237676705925E68;
66300.0,1.0035489001051793E69;
66400.0,1.0203251691891104E69;
66500.0,1.0373560046469554E69;
66600.0,1.0546448777750385E69;
66700.0,1.0721953018816787E69;
66800.0,1.0900108327314189E69;
66900.0,1.1080950689932757E69;
67000.0,1.1264516526930394E69;
67100.0,1.1450842696696553E69;
67200.0,1.1639966500357156E69;
67300.0,1.1831925686420945E69;
67400.0,1.2026758455467561E69;
67500.0,1.2224503464877673E69;
67600.0,1.2425199833605453E69;
67700.0,1.2628887146993751E69;
67800.0,1.283560546163223E69;
67900.0,1.3045395310258837E69;
68000.0,1.3258297706704898E69;
68100.0,1.347435415088417E69;
68200.0,1.3693606633826163E69;
68300.0,1.3916097642754098E69;
68400.0,1.414187016620777E69;
68500.0,1.4370967699211695E69;
68600.0,1.4603434248488864E69;
68700.0,1.4839314337720417E69;
68800.0,1.50786530128516E69;
68900.0,1.532149584744433E69;
69000.0,1.556788894807671E69;
69100.0,1.5817878959789842E69;
69200.0,1.607151307158228E69;
69300.0,1.6328839021952459E69;
69400.0,1.6589905104489483E69;
69500.0,1.6854760173512553E69;
69600.0,1.7123453649759497E69;
69700.0,1.7396035526124632E69;
69800.0,1.7672556373446405E69;
69900.0,1.7953067346345162E69;
70000.0,1.823762018911133E69;
70100.0,1.85262672416445E69;
70200.0,1.8819061445443655E69;
70300.0,1.9116056349648983E69;
70400.0,1.9417306117135648E69;
70500.0,1.9722865530659806E69;
70600.0,2.0032789999057387E69;
70700.0,2.0347135563495835E69;
70800.0,2.066595890377937E69;
70900.0,2.098931734470802E69;
71000.0,2.131726886249083E69;
71100.0,2.16498720912137E69;
71200.0,2.1987186329362163E69;
71300.0,2.23292715463995E69;
71400.0,2.2676188389400646E69;
71500.0,2.302799818974221E69;
71600.0,2.3384762969849008E69;
71700.0,2.3746545449997577E69;
71800.0,2.411340905517698E69;
71900.0,2.4485417922007375E69;
72000.0,2.4862636905716686E69;
72100.0,2.5245131587175872E69;
72200.0,2.56329682799931E69;
72300.0,2.6026214037667292E69;
72400.0,2.6424936660801505E69;
72500.0,2.6829204704376403E69;
72600.0,2.7239087485084445E69;
72700.0,2.7654655088725042E69;
72800.0,2.8075978377661193E69;
72900.0,2.8503128998337975E69;
73000.0,2.8936179388863395E69;
73100.0,2.9375202786651923E69;
73200.0,2.982027323613122E69;
73300.0,3.027146559651246E69;
73400.0,3.0728855549624717E69;
73500.0,3.1192519607813793E69;
73600.0,3.1662535121906003E69;
73700.0,3.2138980289237305E69;
73800.0,3.2621934161748234E69;
73900.0,3.3111476654145145E69;
74000.0,3.3607688552128088E69;
74100.0,3.4110651520685943E69;
74200.0,3.462044811245908E69;
74300.0,3.513716177617018E69;
74400.0,3.566087686512357E69;
74500.0,3.6191678645773545E69;
74600.0,3.6729653306362186E69;
74700.0,3.727488796562711E69;
74800.0,3.7827470681579645E69;
74900.0,3.838749046035387E69;
75000.0,3.895503726512701E69;
75100.0,3.953020202511176E69;
75200.0,4.011307664462075E69;
75300.0,4.070375401220407E69;
75400.0,4.130232800985981E69;
75500.0,4.190889352231863E69;
75600.0,4.2523546446402444E69;
75700.0,4.314638370045792E69;
75800.0,4.37775032338653E69;
75900.0,4.441700403662289E69;
76000.0,4.506498614900793E69;
76100.0,4.572155067131407E69;
76200.0,4.6386799773666376E69;
76300.0,4.706083670591388E69;
76400.0,4.774376580760057E69;
76500.0,4.843569251801521E69;
76600.0,4.91367233863204E69;
76700.0,4.984696608176161E69;
76800.0,5.0566529403956536E69;
76900.0,5.129552329326538E69;
77000.0,5.203405884124255E69;
77100.0,5.278224830117041E69;
77200.0,5.354020509867543E69;
77300.0,5.430804384242744E69;
77400.0,5.508588033492252E69;
77500.0,5.5873831583349934E69;
77600.0,5.667201581054374E69;
77700.0,5.748055246601974E69;
77800.0,5.8299562237098056E69;
77900.0,5.912916706011218E69;
78000.0,5.996949013170479E69;
78100.0,6.082065592021111E69;
78200.0,6.168279017713022E69;
78300.0,6.2556019948685006E69;
78400.0,6.344047358747124E69;
78500.0,6.433628076419631E69;
78600.0,6.524357247950839E69;
78700.0,6.616248107591635E69;
78800.0,6.709314024980122E69;
78900.0,6.803568506351963E69;
79000.0,6.899025195759986E69;
79100.0,6.995697876303126E69;
79200.0,7.093600471364731E69;
79300.0,7.192747045860309E69;
79400.0,7.293151807494789E69;
79500.0,7.394829108029336E69;
79600.0,7.497793444557782E69;
79700.0,7.60205946079274E69;
79800.0,7.707641948361477E69;
79900.0,7.814555848111569E69;
80000.0,7.922816251426435E69;
80100.0,8.032438401550798E69;
80200.0,8.14343769492614E69;
80300.0,8.2558296825362E69;
80400.0,8.3696300712626E69;
80500.0,8.484854725250641E69;
80600.0,8.601519667285355E69;
80700.0,8.719641080177848E69;
80800.0,8.83923530816203E69;
80900.0,8.960318858301773E69;
81000.0,9.082908401908568E69;
81100.0,9.20702077596976E69;
81200.0,9.332672984587396E69;
81300.0,9.459882200427793E69;
81400.0,9.588665766181845E69;
81500.0,9.719041196036192E69;
81600.0,9.851026177155253E69;
81700.0,9.984638571174246E69;
81800.0,1.0119896415703231E70;
81900.0,1.0256817925842257E70;
82000.0,1.039542149570767E70;
82100.0,1.053572569996967E70;
82200.0,1.0677749295401157E70;
82300.0,1.0821511222437971E70;
82400.0,1.0967030606750554E70;
82500.0,1.1114326760827148E70;
82600.0,1.1263419185568562E70;
82700.0,1.1414327571894596E70;
82800.0,1.1567071802362197E70;
82900.0,1.1721671952795415E70;
83000.0,1.18781482939272E70;
83100.0,1.2036521293053186E70;
83200.0,1.2196811615697442E70;
83300.0,1.2359040127290337E70;
83400.0,1.2523227894858556E70;
83500.0,1.2689396188727334E70;
83600.0,1.2857566484235027E70;
83700.0,1.302776046346002E70;
83800.0,1.3200000016960132E70;
83900.0,1.337430724552452E70;
84000.0,1.3550704461938185E70;
84100.0,1.3729214192759187E70;
84200.0,1.390985918010858E70;
84300.0,1.4092662383473214E70;
84400.0,1.4277646981521388E70;
84500.0,1.4464836373931556E70;
84600.0,1.4654254183234063E70;
84700.0,1.4845924256665987E70;
84800.0,1.5039870668039276E70;
84900.0,1.5236117719622097E70;
85000.0,1.5434689944033624E70;
85100.0,1.5635612106152257E70;
85200.0,1.583890920503735E70;
85300.0,1.604460647586459E70;
85400.0,1.6252729391875058E70;
85500.0,1.6463303666338055E70;
85600.0,1.6676355254527787E70;
85700.0,1.6891910355713992E70;
85800.0,1.7109995415166572E70;
85900.0,1.7330637126174354E70;
86000.0,1.755386243207799E70;
86100.0,1.7779698528317182E70;
86200.0,1.8008172864492188E70;
86300.0,1.8239313146439807E70;
86400.0,1.8473147338323895E70;
86500.0,1.8709703664740406E70;
86600.0,1.894901061283723E70;
86700.0,1.9191096934448702E70;
86800.0,1.943599164824503E70;
86900.0,1.968372404189663E70;
87000.0,1.9934323674253533E70;
87100.0,2.0187820377539874E70;
87200.0,2.044424425956358E70;
87300.0,2.0703625705941387E70;
87400.0,2.0965995382339216E70;
87500.0,2.1231384236727994E70;
87600.0,2.149982350165508E70;
87700.0,2.1771344696531307E70;
87800.0,2.2045979629933763E70;
87900.0,2.2323760401924396E70;
88000.0,2.2604719406384565E70;
88100.0,2.2888889333365554E70;
88200.0,2.317630317145522E70;
88300.0,2.3466994210160816E70;
88400.0,2.3760996042308106E70;
88500.0,2.4058342566456848E70;
88600.0,2.4359067989332758E70;
88700.0,2.4663206828276012E70;
88800.0,2.4970793913706444E70;
88900.0,2.5281864391605447E70;
89000.0,2.5596453726014773E70;
89100.0,2.5914597701552224E70;
89200.0,2.6236332425944397E70;
89300.0,2.6561694332576585E70;
89400.0,2.6890720183059884E70;
89500.0,2.7223447069815604E70;
89600.0,2.7559912418677152E70;
89700.0,2.790015399150941E70;
89800.0,2.8244209888845725E70;
89900.0,2.859211855254262E70;
90000.0,2.8943918768452345E70;
90100.0,2.9299649669113314E70;
90200.0,2.965935073645856E70;
90300.0,3.002306180454235E70;
90400.0,3.039082306228494E70;
90500.0,3.076267505623575E70;
90600.0,3.1138658693354847E70;
90700.0,3.1518815243813035E70;
90800.0,3.190318634381055E70;
90900.0,3.229181399841446E70;
91000.0,3.268474058441491E70;
91100.0,3.308200885320034E70;
91200.0,3.3483661933651664E70;
91300.0,3.3889743335055685E70;
91400.0,3.4300296950037705E70;
91500.0,3.471536705751347E70;
91600.0,3.513499832566067E70;
91700.0,3.555923581490991E70;
91800.0,3.598812498095543E70;
91900.0,3.6421711677785574E70;
92000.0,3.6860042160733136E70;
92100.0,3.730316308954578E70;
92200.0,3.775112153147648E70;
92300.0,3.820396496439424E70;
92400.0,3.866174127991515E70;
92500.0,3.912449878655385E70;
92600.0,3.959228621289554E70;
92700.0,4.006515271078872E70;
92800.0,4.054314785855863E70;
92900.0,4.1026321664241634E70;
93000.0,4.151472456884055E70;
93100.0,4.200840744960117E70;
93200.0,4.250742162330996E70;
93300.0,4.301181884961309E70;
93400.0,4.352165133435698E70;
93500.0,4.403697173295036E70;
93600.0,4.455783315374807E70;
93700.0,4.508428916145665E70;
93800.0,4.561639378056181E70;
93900.0,4.615420149877804E70;
94000.0,4.669776727052028E70;
94100.0,4.7247146520397925E70;
94200.0,4.780239514673121E70;
94300.0,4.836356952509013E70;
94400.0,4.893072651185594E70;
94500.0,4.950392344780551E70;
94600.0,5.008321816171844E70;
94700.0,5.066866897400729E70;
94800.0,5.1260334700370875E70;
94900.0,5.185827465547074E70;
95000.0,5.2462548656631175E70;
95100.0,5.3073217027562513E70;
95200.0,5.3690340602108245E70;
95300.0,5.4313980728015706E70;
95400.0,5.494419927073074E70;
95500.0,5.558105861721628E70;
95600.0,5.62246216797951E70;
95700.0,5.687495190001684E70;
95800.0,5.753211325254923E70;
95900.0,5.819617024909408E70;
96000.0,5.886718794232762E70;
96100.0,5.954523192986587E70;
96200.0,6.023036835825465E70;
96300.0,6.092266392698476E70;
96400.0,6.162218589253224E70;
96500.0,6.232900207242396E70;
96600.0,6.304318084932857E70;
96700.0,6.376479117517303E70;
96800.0,6.449390257528472E70;
96900.0,6.523058515255957E70;
97000.0,6.597490959165588E70;
97100.0,6.672694716321434E70;
97200.0,6.748676972810432E70;
97300.0,6.82544497416964E70;
97400.0,6.903006025816138E70;
97500.0,6.981367493479605E70;
97600.0,7.060536803637552E70;
97700.0,7.140521443953255E70;
97800.0,7.221328963716402E70;
97900.0,7.302966974286431E70;
98000.0,7.385443149538622E70;
98100.0,7.468765226312922E70;
98200.0,7.552941004865537E70;
98300.0,7.637978349323288E70;
98400.0,7.723885188140768E70;
98500.0,7.810669514560283E70;
98600.0,7.898339387074625E70;
98700.0,7.986902929892665E70;
98800.0,8.076368333407798E70;
98900.0,8.166743854669244E70;
99000.0,8.258037817856217E70;
99100.0,8.350258614754995E70;
99200.0,8.443414705238884E70;
99300.0,8.537514617751096E70;
99400.0,8.632566949790578E70;
99500.0,8.728580368400761E70;
99600.0,8.825563610661296E70;
99700.0,8.923525484182751E70;
99800.0,9.022474867604309E70;
99900.0,9.12242071109447E70;
100000.0,9.223372036854776E70;
100100.0,9.325337939626569E70;
100200.0,9.428327587200813E70;
100300.0,9.532350220930969E70;
100400.0,9.637415156248967E70;
100500.0,9.74353178318427E70;
100600.0,9.85070956688605E70;
100700.0,9.958958048148504E70;
100800.0,1.0068286843939302E71;
100900.0,1.017870564793121E71;
101000.0,1.0290224231036881E71;
101100.0,1.0402852441946837E71;
101200.0,1.0516600207670666E71;
101300.0,1.0631477534081449E71;
101400.0,1.0747494506463404E71;
101500.0,1.0864661290062822E71;
101600.0,1.0982988130642235E71;
101700.0,1.1102485355037914E71;
101800.0,1.1223163371720638E71;
101900.0,1.1345032671359806E71;
102000.0,1.1468103827390882E71;
102100.0,1.1592387496586185E71;
102200.0,1.1717894419629055E71;
102300.0,1.1844635421691422E71;
102400.0,1.1972621413014757E71;
102500.0,1.2101863389494445E71;
102600.0,1.2232372433267615E71;
102700.0,1.2364159713304408E71;
102800.0,1.2497236486002715E71;
102900.0,1.263161409578641E71;
103000.0,1.27673039757071E71;
103100.0,1.2904317648049363E71;
103200.0,1.3042666724939565E71;
103300.0,1.3182362908958196E71;
103400.0,1.332341799375582E71;
103500.0,1.3465843864672584E71;
103600.0,1.3609652499361348E71;
103700.0,1.3754855968414442E71;
103800.0,1.3901466435994073E71;
103900.0,1.4049496160466371E71;
104000.0,1.4198957495039144E71;
104100.0,1.4349862888403313E71;
104200.0,1.450222488537805E71;
104300.0,1.465605612755969E71;
104400.0,1.4811369353974345E71;
104500.0,1.4968177401734313E71;
104600.0,1.512649320669828E71;
104700.0,1.5286329804135303E71;
104800.0,1.5447700329392648E71;
104900.0,1.5610618018567432E71;
105000.0,1.5775096209182151E71;
105100.0,1.5941148340864102E71;
105200.0,1.6108787956028644E71;
105300.0,1.6278028700566441E71;
105400.0,1.64488843245346E71;
105500.0,1.6621368682851768E71;
105600.0,1.679549573599721E71;
105700.0,1.6971279550713876E71;
105800.0,1.7148734300715472E71;
105900.0,1.7327874267397552E71;
106000.0,1.7508713840552693E71;
106100.0,1.7691267519089687E71;
106200.0,1.787554991175686E71;
106300.0,1.8061575737869483E71;
106400.0,1.8249359828041309E71;
106500.0,1.8438917124920232E71;
106600.0,1.8630262683928158E71;
106700.0,1.8823411674005025E71;
106800.0,1.9018379378357025E71;
106900.0,1.9215181195209068E71;
107000.0,1.941383263856148E71;
107100.0,1.961434933895096E71;
107200.0,1.9816747044215825E71;
107300.0,2.0021041620265565E71;
107400.0,2.0227249051854699E71;
107500.0,2.0435385443361004E71;
107600.0,2.0645467019568083E71;
107700.0,2.0857510126452327E71;
107800.0,2.1071531231974297E71;
107900.0,2.1287546926874492E71;
108000.0,2.15055739254736E71;
108100.0,2.1725629066477212E71;
108200.0,2.1947729313784988E71;
108300.0,2.217189175730438E71;
108400.0,2.239813361376884E71;
108500.0,2.262647222756062E71;
108600.0,2.2856925071538107E71;
108700.0,2.308950974786775E71;
108800.0,2.332424398886066E71;
108900.0,2.3561145657813745E71;
109000.0,2.3800232749855587E71;
109100.0,2.404152339279697E71;
109200.0,2.428503584798607E71;
109300.0,2.453078851116843E71;
109400.0,2.477879991335163E71;
109500.0,2.502908872167473E71;
109600.0,2.5281673740282505E71;
109700.0,2.5536573911204524E71;
109800.0,2.5793808315238954E71;
109900.0,2.6053396172841334E71;
110000.0,2.6315356845018183E71;
110100.0,2.657970983422544E71;
110200.0,2.684647478527193E71;
110300.0,2.7115671486227693E71;
110400.0,2.7387319869337316E71;
110500.0,2.7661440011938226E71;
110600.0,2.7938052137384E71;
110700.0,2.821717661597273E71;
110800.0,2.84988339658804E71;
110900.0,2.8783044854099382E71;
111000.0,2.906983009738201E71;
111100.0,2.935921066318925E71;
111200.0,2.965120767064461E71;
111300.0,2.9945842391493103E71;
111400.0,3.024313625106547E71;
111500.0,3.054311082924762E71;
111600.0,3.0845787861455296E71;
111700.0,3.115118923961399E71;
111800.0,3.1459337013144187E71;
111900.0,3.1770253389951865E71;
112000.0,3.2083960737424385E71;
112100.0,3.2400481583431696E71;
112200.0,3.2719838617332957E71;
112300.0,3.3042054690988546E71;
112400.0,3.336715281977749E71;
112500.0,3.369515618362039E71;
112600.0,3.4026088128007773E71;
112700.0,3.4359972165034007E71;
112800.0,3.469683197443669E71;
112900.0,3.5036691404641616E71;
113000.0,3.537957447381334E71;
113100.0,3.5725505370911316E71;
113200.0,3.6074508456751645E71;
113300.0,3.642660826507455E71;
113400.0,3.6781829503617447E71;
113500.0,3.7140197055193773E71;
113600.0,3.7501735978777492E71;
113700.0,3.786647151059344E71;
113800.0,3.823442906521333E71;
113900.0,3.8605634236657665E71;
114000.0,3.898011279950345E71;
114100.0,3.935789070999771E71;
114200.0,3.9738994107176966E71;
114300.0,4.012344931399257E71;
114400.0,4.0511282838441986E71;
114500.0,4.090252137470602E71;
114600.0,4.1297191804292086E71;
114700.0,4.1695321197183386E71;
114800.0,4.2096936812994225E71;
114900.0,4.2502066102131346E71;
115000.0,4.291073670696134E71;
115100.0,4.332297646298423E71;
115200.0,4.3738813400013127E71;
115300.0,4.4158275743360115E71;
115400.0,4.45813919150283E71;
115500.0,4.500819053491013E71;
115600.0,4.543870042199186E71;
115700.0,4.587295059556448E71;
115800.0,4.63109702764407E71;
115900.0,4.675278888817855E71;
116000.0,4.719843605831107E71;
116100.0,4.764794161958262E71;
116200.0,4.810133561119146E71;
116300.0,4.855864828003878E71;
116400.0,4.901991008198434E71;
116500.0,4.948515168310837E71;
116600.0,4.995440396098026E71;
116700.0,5.042769800593365E71;
116800.0,5.090506512234806E71;
116900.0,5.138653682993733E71;
117000.0,5.187214486504448E71;
117100.0,5.236192118194341E71;
117200.0,5.285589795414718E71;
117300.0,5.335410757572308E71;
117400.0,5.385658266261444E71;
117500.0,5.436335605396922E71;
117600.0,5.487446081347542E71;
117700.0,5.538993023070334E71;
117800.0,5.590979782245466E71;
117900.0,5.643409733411852E71;
118000.0,5.696286274103441E71;
118100.0,5.749612824986213E71;
118200.0,5.803392829995868E71;
118300.0,5.857629756476215E71;
118400.0,5.912327095318272E71;
118500.0,5.967488361100069E71;
118600.0,6.023117092227168E71;
118700.0,6.0792168510738825E71;
118800.0,6.135791224125234E71;
118900.0,6.192843822119616E71;
119000.0,6.250378280192177E71;
119100.0,6.308398258018943E71;
119200.0,6.366907439961659E71;
119300.0,6.425909535213367E71;
119400.0,6.485408277944713E71;
119500.0,6.545407427451004E71;
119600.0,6.605910768299994E71;
119700.0,6.666922110480422E71;
119800.0,6.728445289551299E71;
119900.0,6.790484166791931E71;
120000.0,6.853042629352727E71;
120100.0,6.916124590406723E71;
120200.0,6.979733989301904E71;
120300.0,7.043874791714263E71;
120400.0,7.108550989801644E71;
120500.0,7.173766602358342E71;
120600.0,7.239525674970488E71;
120700.0,7.305832280172194E71;
120800.0,7.3726905176025E71;
120900.0,7.44010451416308E71;
121000.0,7.508078424176751E71;
121100.0,7.576616429546765E71;
121200.0,7.64572273991689E71;
121300.0,7.715401592832298E71;
121400.0,7.785657253901232E71;
121500.0,7.856494016957507E71;
121600.0,7.927916204223775E71;
121700.0,7.99992816647564E71;
121800.0,8.072534283206561E71;
121900.0,8.145738962793572E71;
122000.0,8.219546642663831E71;
122100.0,8.293961789461989E71;
122200.0,8.368988899218374E71;
122300.0,8.444632497518021E71;
122400.0,8.520897139670516E71;
122500.0,8.597787410880696E71;
122600.0,8.675307926420175E71;
122700.0,8.753463331799709E71;
122800.0,8.832258302942429E71;
122900.0,8.911697546357893E71;
123000.0,8.991785799317026E71;
123100.0,9.072527830027878E71;
123200.0,9.153928437812282E71;
123300.0,9.235992453283346E71;
123400.0,9.318724738523817E71;
123500.0,9.40213018726534E71;
123600.0,9.486213725068558E71;
123700.0,9.570980309504104E71;
123800.0,9.65643493033449E71;
123900.0,9.742582609696847E71;
124000.0,9.829428402286586E71;
124100.0,9.916977395541936E71;
124200.0,1.0005234709829377E72;
124300.0,1.0094205498629976E72;
124400.0,1.0183894948726628E72;
124500.0,1.0274308280392197E72;
124600.0,1.0365450747578576E72;
124700.0,1.0457327638106653E72;
124800.0,1.05499442738572E72;
124900.0,1.0643306010962688E72;
125000.0,1.0737418239999999E72;
125100.0,1.0832286386184123E72;
125200.0,1.0927915909562721E72;
125300.0,1.1024312305211675E72;
125400.0,1.1121481103431552E72;
125500.0,1.121942786994503E72;
125600.0,1.131815820609524E72;
125700.0,1.1417677749045102E72;
125800.0,1.1517992171977586E72;
125900.0,1.1619107184296938E72;
126000.0,1.1721028531830877E72;
126100.0,1.1823761997033743E72;
126200.0,1.1927313399190644E72;
126300.0,1.2031688594622533E72;
126400.0,1.2136893476892317E72;
126500.0,1.2242933977011902E72;
126600.0,1.234981606365024E72;
126700.0,1.2457545743342385E72;
126800.0,1.2566129060699507E72;
126900.0,1.2675572098619941E72;
127000.0,1.2785880978501209E72;
127100.0,1.2897061860453052E72;
127200.0,1.3009120943511493E72;
127300.0,1.3122064465853882E72;
127400.0,1.3235898705014998E72;
127500.0,1.3350629978104125E72;
127600.0,1.3466264642023191E72;
127700.0,1.3582809093685923E72;
127800.0,1.3700269770238041E72;
127900.0,1.3818653149278474E72;
128000.0,1.393796574908164E72;
128100.0,1.4058214128820755E72;
128200.0,1.417940488879221E72;
128300.0,1.4301544670640973E72;
128400.0,1.4424640157587082E72;
128500.0,1.4548698074653177E72;
128600.0,1.4673725188893117E72;
128700.0,1.4799728309621647E72;
128800.0,1.492671428864515E72;
128900.0,1.5054690020493494E72;
129000.0,1.5183662442652931E72;
129100.0,1.531363853580011E72;
129200.0,1.544462532403717E72;
129300.0,1.5576629875127917E72;
129400.0,1.5709659300735141E72;
129500.0,1.584372075665899E72;
129600.0,1.5978821443076478E72;
129700.0,1.6114968604782112E72;
129800.0,1.6252169531429614E72;
129900.0,1.639043155777479E72;
130000.0,1.6529762063919502E72;
130100.0,1.6670168475556788E72;
130200.0,1.68116582642171E72;
130300.0,1.6954238947515707E72;
130400.0,1.709791808940121E72;
130500.0,1.724270330040523E72;
130600.0,1.738860223789323E72;
130700.0,1.753562260631652E72;
130800.0,1.768377215746538E72;
130900.0,1.783305869072339E72;
131000.0,1.798349005332292E72;
131100.0,1.813507414060178E72;
131200.0,1.828781889626106E72;
131300.0,1.8441732312624142E72;
131400.0,1.8596822430896936E72;
131500.0,1.8753097341429256E72;
131600.0,1.8910565183977446E72;
131700.0,1.9069234147968146E72;
131800.0,1.9229112472763336E72;
131900.0,1.9390208447926544E72;
132000.0,1.9552530413490267E72;
132100.0,1.9716086760224645E72;
132200.0,1.988088592990734E72;
132300.0,2.0046936415594617E72;
132400.0,2.0214246761893735E72;
132500.0,2.0382825565236498E72;
132600.0,2.055268147415407E72;
132700.0,2.0723823189553096E72;
132800.0,2.089625946499298E72;
132900.0,2.10699991069645E72;
133000.0,2.1245050975169647E72;
133100.0,2.1421423982802735E72;
133200.0,2.1599127096832788E72;
133300.0,2.1778169338287225E72;
133400.0,2.195855978253678E72;
133500.0,2.2140307559581737E72;
133600.0,2.232342185433946E72;
133700.0,2.2507911906933214E72;
133800.0,2.2693787012982286E72;
133900.0,2.288105652389339E72;
134000.0,2.3069729847153448E72;
134100.0,2.325981644662358E72;
134200.0,2.345132584283454E72;
134300.0,2.364426761328337E72;
134400.0,2.3838651392731456E72;
134500.0,2.4034486873503867E72;
134600.0,2.4231783805790095E72;
134700.0,2.4430551997946067E72;
134800.0,2.4630801316797566E72;
134900.0,2.4832541687944993E72;
135000.0,2.5035783096069475E72;
135100.0,2.5240535585240334E72;
135200.0,2.544680925922397E72;
135300.0,2.5654614281794066E72;
135400.0,2.5863960877043202E72;
135500.0,2.6074859329695864E72;
135600.0,2.6287319985422806E72;
135700.0,2.650135325115686E72;
135800.0,2.67169695954101E72;
135900.0,2.6934179548592438E72;
136000.0,2.715299370333163E72;
136100.0,2.7373422714794704E72;
136200.0,2.759547730101078E72;
136300.0,2.781916824319535E72;
136400.0,2.8044506386075983E72;
136500.0,2.827150263821947E72;
136600.0,2.8500167972360392E72;
136700.0,2.8730513425731163E72;
136800.0,2.8962550100393514E72;
136900.0,2.9196289163571424E72;
137000.0,2.943174184798555E72;
137100.0,2.9668919452189106E72;
137200.0,2.9907833340905194E72;
137300.0,3.0148494945365664E72;
137400.0,3.0390915763651413E72;
137500.0,3.063510736103423E72;
137600.0,3.0881081370320078E72;
137700.0,3.1128849492193906E72;
137800.0,3.1378423495565987E72;
137900.0,3.1629815217919748E72;
138000.0,3.18830365656611E72;
138100.0,3.2138099514469357E72;
138200.0,3.2395016109649597E72;
138300.0,3.2653798466486634E72;
138400.0,3.2914458770600508E72;
138500.0,3.3177009278303477E72;
138600.0,3.3441462316958636E72;
138700.0,3.3707830285340056E72;
138800.0,3.397612565399446E72;
138900.0,3.424636096560452E72;
139000.0,3.451854883535371E72;
139100.0,3.479270195129271E72;
139200.0,3.506883307470745E72;
139300.0,3.5346955040488686E72;
139400.0,3.562708075750325E72;
139500.0,3.590922320896678E72;
139600.0,3.619339545281824E72;
139700.0,3.6479610622095876E72;
139800.0,3.676788192531489E72;
139900.0,3.705822264684673E72;
140000.0,3.73506461473E72;
140100.0,3.7645165863903E72;
140200.0,3.7941795310887934E72;
140300.0,3.824054807987674E72;
140400.0,3.8541437840268604E72;
140500.0,3.884447833962912E72;
140600.0,3.914968340408112E72;
140700.0,3.945706693869718E72;
140800.0,3.976664292789381E72;
140900.0,4.007842543582729E72;
141000.0,4.039242860679128E72;
141100.0,4.070866666561608E72;
141200.0,4.102715391806953E72;
141300.0,4.134790475125974E72;
141400.0,4.167093363403947E72;
141500.0,4.199625511741224E72;
141600.0,4.232388383494015E72;
141700.0,4.2653834503153505E72;
141800.0,4.298612192196203E72;
141900.0,4.332076097506805E72;
142000.0,4.365776663038122E72;
142100.0,4.399715394043514E72;
142200.0,4.433893804280566E72;
142300.0,4.468313416053102E72;
142400.0,4.502975760253371E72;
142500.0,4.537882376404415E72;
142600.0,4.5730348127026174E72;
142700.0,4.608434626060424E72;
142800.0,4.644083382149252E72;
142900.0,4.679982655442579E72;
143000.0,4.7161340292592045E72;
143100.0,4.752539095806708E72;
143200.0,4.789199456225077E72;
143300.0,4.826116720630528E72;
143400.0,4.863292508159504E72;
143500.0,4.900728447012863E72;
143600.0,4.9384261745002454E72;
143700.0,4.976387337084638E72;
143800.0,5.0146135904271105E72;
143900.0,5.0531065994317485E72;
144000.0,5.091868038290777E72;
144100.0,5.130899590529864E72;
144200.0,5.1702029490536186E72;
144300.0,5.209779816191278E72;
144400.0,5.249631903742587E72;
144500.0,5.289760933023862E72;
144600.0,5.3301686349142614E72;
144700.0,5.370856749902229E72;
144800.0,5.411827028132148E72;
144900.0,5.453081229451176E72;
145000.0,5.494621123456287E72;
145100.0,5.536448489541497E72;
145200.0,5.5785651169452944E72;
145300.0,5.6209728047982596E72;
145400.0,5.663673362170889E72;
145500.0,5.7066686081216134E72;
145600.0,5.749960371745012E72;
145700.0,5.793550492220236E72;
145800.0,5.837440818859617E72;
145900.0,5.881633211157494E72;
146000.0,5.926129538839223E72;
146100.0,5.9709316819104075E72;
146200.0,6.016041530706314E72;
146300.0,6.061460985941507E72;
146400.0,6.107191958759674E72;
146500.0,6.15323637078367E72;
146600.0,6.199596154165752E72;
146700.0,6.246273251638035E72;
146800.0,6.293269616563142E72;
146900.0,6.34058721298507E72;
147000.0,6.388228015680265E72;
147100.0,6.436194010208895E72;
147200.0,6.4844871929663495E72;
147300.0,6.533109571234937E72;
147400.0,6.5820631632358E72;
147500.0,6.631349998181035E72;
147600.0,6.680972116326038E72;
147700.0,6.730931569022051E72;
147800.0,6.781230418768926E72;
147900.0,6.831870739268108E72;
148000.0,6.882854615475832E72;
148100.0,6.934184143656535E72;
148200.0,6.985861431436481E72;
148300.0,7.037888597857613E72;
148400.0,7.090267773431619E72;
148500.0,7.143001100194216E72;
148600.0,7.196090731759653E72;
148700.0,7.249538833375443E72;
148800.0,7.303347581977307E72;
148900.0,7.357519166244343E72;
149000.0,7.412055786654422E72;
149100.0,7.466959655539803E72;
149200.0,7.522232997142976E72;
149300.0,7.577878047672726E72;
149400.0,7.633897055360432E72;
149500.0,7.690292280516581E72;
149600.0,7.747065995587511E72;
149700.0,7.804220485212405E72;
149800.0,7.861758046280473E72;
149900.0,7.9196809879884E72;
150000.0,7.977991631898012E72;
150100.0,8.036692311994168E72;
150200.0,8.095785374742889E72;
150300.0,8.15527317914972E72;
150400.0,8.21515809681833E72;
150500.0,8.275442512009344E72;
150600.0,8.336128821699394E72;
150700.0,8.397219435640438E72;
150800.0,8.45871677641929E72;
150900.0,8.520623279517398E72;
151000.0,8.582941393370856E72;
151100.0,8.645673579430665E72;
151200.0,8.70882231222322E72;
151300.0,8.772390079411047E72;
151400.0,8.836379381853783E72;
151500.0,8.900792733669387E72;
151600.0,8.965632662295613E72;
151700.0,9.030901708551709E72;
151800.0,9.096602426700368E72;
151900.0,9.16273738450993E72;
152000.0,9.229309163316824E72;
152100.0,9.296320358088245E72;
152200.0,9.363773577485122E72;
152300.0,9.431671443925277E72;
152400.0,9.500016593646874E72;
152500.0,9.568811676772116E72;
152600.0,9.638059357371162E72;
152700.0,9.707762313526346E72;
152800.0,9.777923237396597E72;
152900.0,9.848544835282155E72;
153000.0,9.919629827689515E72;
153100.0,9.991180949396637E72;
153200.0,1.0063200949518418E73;
153300.0,1.0135692591572403E73;
153400.0,1.0208658653544778E73;
153500.0,1.0282101927956599E73;
153600.0,1.0356025221930299E73;
153700.0,1.0430431357256442E73;
153800.0,1.0505323170460749E73;
153900.0,1.0580703512871378E73;
154000.0,1.0656575250686475E73;
154100.0,1.0732941265041978E73;
154200.0,1.08098044520797E73;
154300.0,1.0887167723015668E73;
154400.0,1.0965034004208728E73;
154500.0,1.1043406237229423E73;
154600.0,1.112228737892914E73;
154700.0,1.1201680401509517E73;
154800.0,1.1281588292592133E73;
154900.0,1.1362014055288454E73;
155000.0,1.1442960708270067E73;
155100.0,1.1524431285839171E73;
155200.0,1.1606428837999358E73;
155300.0,1.1688956430526654E73;
155400.0,1.1772017145040842E73;
155500.0,1.185561407907706E73;
155600.0,1.1939750346157682E73;
155700.0,1.2024429075864463E73;
155800.0,1.2109653413910975E73;
155900.0,1.2195426522215326E73;
156000.0,1.2281751578973141E73;
156100.0,1.236863177873085E73;
156200.0,1.2456070332459235E73;
156300.0,1.2544070467627274E73;
156400.0,1.2632635428276268E73;
156500.0,1.2721768475094252E73;
156600.0,1.2811472885490689E73;
156700.0,1.2901751953671455E73;
156800.0,1.299260899071411E73;
156900.0,1.3084047324643458E73;
157000.0,1.3176070300507404E73;
157100.0,1.3268681280453087E73;
157200.0,1.3361883643803318E73;
157300.0,1.3455680787133304E73;
157400.0,1.3550076124347669E73;
157500.0,1.3645073086757766E73;
157600.0,1.374067512315929E73;
157700.0,1.383688569991018E73;
157800.0,1.393370830100882E73;
157900.0,1.4031146428172546E73;
158000.0,1.412920360091645E73;
158100.0,1.4227883356632472E73;
158200.0,1.4327189250668803E73;
158300.0,1.44271248564096E73;
158400.0,1.452769376535497E73;
158500.0,1.4628899587201312E73;
158600.0,1.4730745949921912E73;
158700.0,1.483323649984787E73;
158800.0,1.4936374901749327E73;
158900.0,1.5040164838917016E73;
159000.0,1.514461001324408E73;
159100.0,1.524971414530826E73;
159200.0,1.5355480974454337E73;
159300.0,1.5461914258876916E73;
159400.0,1.556901777570353E73;
159500.0,1.567679532107803E73;
159600.0,1.5785250710244305E73;
159700.0,1.5894387777630328E73;
159800.0,1.6004210376932493E73;
159900.0,1.61147223812003E73;
160000.0,1.622592768292134E73;
160100.0,1.633783019410658E73;
160200.0,1.6450433846376035E73;
160300.0,1.6563742591044676E73;
160400.0,1.6677760399208736E73;
160500.0,1.6792491261832276E73;
160600.0,1.690793918983414E73;
160700.0,1.702410821417517E73;
160800.0,1.7141002385945804E73;
160900.0,1.7258625776453974E73;
161000.0,1.7376982477313312E73;
161100.0,1.749607660053176E73;
161200.0,1.7615912278600407E73;
161300.0,1.773649366458275E73;
161400.0,1.7857824932204232E73;
161500.0,1.7979910275942146E73;
161600.0,1.8102753911115838E73;
161700.0,1.82263600739773E73;
161800.0,1.8350733021802032E73;
161900.0,1.847587703298031E73;
162000.0,1.8601796407108748E73;
162100.0,1.872849546508221E73;
162200.0,1.885597854918607E73;
162300.0,1.8984250023188818E73;
162400.0,1.9113314272434987E73;
162500.0,1.9243175703938473E73;
162600.0,1.937383874647612E73;
162700.0,1.9505307850681738E73;
162800.0,1.963758748914042E73;
162900.0,1.9770682156483207E73;
163000.0,1.9904596369482122E73;
163100.0,2.003933466714555E73;
163200.0,2.017490161081396E73;
163300.0,2.0311301784255982E73;
163400.0,2.0448539793764855E73;
163500.0,2.0586620268255213E73;
163600.0,2.0725547859360218E73;
163700.0,2.086532724152909E73;
163800.0,2.1005963112124943E73;
163900.0,2.114746019152303E73;
164000.0,2.1289823223209307E73;
164100.0,2.14330569738794E73;
164200.0,2.1577166233537884E73;
164300.0,2.1722155815597978E73;
164400.0,2.186803055698157E73;
164500.0,2.2014795318219628E73;
164600.0,2.2162454983552965E73;
164700.0,2.2311014461033372E73;
164800.0,2.2460478682625135E73;
164900.0,2.261085260430692E73;
165000.0,2.2762141206174E73;
165100.0,2.291434949254091E73;
165200.0,2.3067482492044415E73;
165300.0,2.3221545257746908E73;
165400.0,2.3376542867240134E73;
165500.0,2.3532480422749343E73;
165600.0,2.368936305123778E73;
165700.0,2.384719590451158E73;
165800.0,2.400598415932501E73;
165900.0,2.4165733017486148E73;
166000.0,2.4326447705962906E73;
166100.0,2.4488133476989433E73;
166200.0,2.4650795608172924E73;
166300.0,2.4814439402600818E73;
166400.0,2.497907018894836E73;
166500.0,2.5144693321586574E73;
166600.0,2.531131418069061E73;
166700.0,2.5478938172348508E73;
166800.0,2.5647570728670322E73;
166900.0,2.581721730789765E73;
167000.0,2.598788339451358E73;
167100.0,2.6159574499353004E73;
167200.0,2.6332296159713335E73;
167300.0,2.6506053939465633E73;
167400.0,2.6680853429166122E73;
167500.0,2.6856700246168122E73;
167600.0,2.703360003473435E73;
167700.0,2.7211558466149677E73;
167800.0,2.7390581238834217E73;
167900.0,2.7570674078456897E73;
168000.0,2.7751842738049403E73;
168100.0,2.7934092998120496E73;
168200.0,2.8117430666770815E73;
168300.0,2.830186157980802E73;
168400.0,2.8487391600862375E73;
168500.0,2.867402662150278E73;
168600.0,2.886177256135314E73;
168700.0,2.90506353682092E73;
168800.0,2.92406210181558E73;
168900.0,2.943173551568454E73;
169000.0,2.962398489381183E73;
169100.0,2.981737521419743E73;
169200.0,3.001191256726336E73;
169300.0,3.0207603072313205E73;
169400.0,3.040445287765194E73;
169500.0,3.060246816070611E73;
169600.0,3.0801655128144437E73;
169700.0,3.100202001599886E73;
169800.0,3.1203569089786055E73;
169900.0,3.14063086446293E73;
170000.0,3.161024500538086E73;
170100.0,3.181538452674473E73;
